{
  "type": "secretsmanager",
  "name": "AWS Secrets Manager",
  "id": "grafana-aws-secretsmanager",
  "backend": true,
  "executable": "secrets_plugin_start",
  "info": {
    "description": "Grafana Backend Secrets Manager plugin that integrates with AWS Secrets Manager",
    "author": {
      "name": "Grafana Labs",
      "url": "https://grafana.com"
    },
    "keywords": ["secrets", "secretsmanager", "aws", "backend"],
    "logos": {
      "small": "img/logo.svg",
      "large": "img/logo.svg"
    },
    "links": [
      {
        "name": "Website",
        "url": "https://github.com/grafana/grafana-aws-secrets-manager"
      },
      {
        "name": "License",
        "url": "https://github.com/grafana/grafana-aws-secrets-manager/blob/master/LICENSE"
      }
    ],
    "screenshots": [],
    "version": "1.0.0",
    "updated": "2022-07-12"
  },
  "dependencies": {
    "grafanaDependency": ">=9.1.0",
    "plugins": []
  }
}
